product_name,product_id,unit_price,unit
SAFCO Commercial Wire Shelving,20CIBN,31.2,pc
Luxo Professional Combination Clamp-On Lamps,O9PBM8,5.69,pc
Tennsco Snap-Together Open Shelving Units,8UCSLC,5.99,pc
Hon Olson Stacker Stools,M52ZY5,6.39,pc
Tennsco Industrial Shelving,9XCC0Y,4.79,pc
Hoover Portapower™ Portable Vacuum,ED9XLQ,4.79,pc
Honeywell Enviracaire,D9VJUD,5.19,pc
Canon PC-428 Personal Copier,8VJMOG,5.99,pc
Sharp AL-1530CS Digital Copier,6OP2O7,7.19,pc
3M Polarizing Task Lamp,3R197O,3.99,pc
Westinghouse Clip-On Gooseneck Lamps,E9ZVWS,5.19,pc
Deflect-o DuraMat Antistatic Studded Beveled Mat,U7G9L9,9.99,pc
Dana Halogen Swing-Arm Architect Lamp,P7GHBJ,13.99,pc
Tennsco Snap-Together Open Shelving Units,2557SL,5.39,pc
SAFCO Commercial Wire Shelving,8VXNEQ,7.99,pc
Space Solutions Commercial Steel Shelving,6DX3MS,7.59,pc
Dana Halogen Swing-Arm Architect Lamp,F7B15T,4.79,pc
Hon 2111 Invitation™ Series Corner Table,9B11ZT,7.99,pc
Euro Pro Shark Stick Mini Vacuum,OYN9LW,7.19,pc
Canon imageCLASS 2200 Advanced Copier,H11N30,21.99,pc
Lesro Sheffield Collection Coffee Table,Q5FPUT,16.99,pc
Carina Mini System Audio Rack,7L5TBS,11.59,pc
"Carina 42""Hx23 3/4""W Media Storage Unit",SY77B4,14.99,pc
Hoover Portapower™ Portable Vacuum,P94QKD,17.99,pc
SAFCO Arco Folding Chair,9SAN6R,5.99,pc
Lifetime Advantage™ Folding Chairs,X1ZB5G,5.99,pc
Deflect-o DuraMat Antistatic Studded Beveled Mat,N2DTIE,9.59,pc
Hon Olson Stacker Stools,4A4GNY,9.99,pc
Sharp AL-1530CS Digital Copier,E6AO3N,7.19,pc
SAFCO Commercial Wire Shelving,Z1ZE0V,6.39,pc
Luxo Economy Swing Arm Lamp,U134GW,15.99,pc
Canon PC1060 Personal Laser Copier,TH0VXP,9.19,pc
Lifetime Advantage™ Folding Chairs,8WM2YP,9.99,pc
SAFCO Arco Folding Chair,P7RJZP,24.99,pc
3M Polarizing Task Lamp,20OCZI,9.99,pc
Tennsco Snap-Together Open Shelving Units,38CSXS,7.19,pc
Canon PC1060 Personal Laser Copier,4ODN6E,3.99,pc
Telescoping Adjustable Floor Lamp,6FDWGN,11.59,pc
Sharp AL-1530CS Digital Copier,X7OQ1L,7.99,pc
Euro Pro Shark Stick Mini Vacuum,B8G92I,12.99,pc
Hon 5100 Series Wood Tables,2CBL2I,3.99,pc
Canon PC-428 Personal Copier,J6SZYI,4.79,pc
Canon imageCLASS 2200 Advanced Copier,5UWBDJ,6.79,pc
Sharp AL-1530CS Digital Copier,VVW0OP,8.79,pc
Canon Image Class D660 Copier,4EB8XI,5.99,pc
Hoover,2VEZOC,7.19,pc
Dana Swing-Arm Lamps,57BXJE,4.79,pc
Lesro Round Back Collection Coffee Table,6Y0B0X,5.99,pc
Telescoping Adjustable Floor Lamp,55JXAI,16.99,pc
Tennsco Commercial Shelving,B22CKY,6.79,pc
Tennsco Industrial Shelving,S90IXQ,5.99,pc
Laminate Occasional Tables,FU5ACC,6.39,pc
SAFCO Arco Folding Chair,2QGC8N,5.59,pc
Hon Olson Stacker Stools,M9WE3H,21.99,pc
Canon PC1060 Personal Laser Copier,682RDP,6.39,pc
Honeywell Enviracaire Portable HEPA Air Cleaner,SL048Q,7.19,pc
Hon Olson Stacker Stools,2PCFKX,15.99,pc
Canon PC-428 Personal Copier,Y39AN8,4.99,pc
Office Impressions Heavy Duty Welded Shelving,3MY8LP,6.39,pc
"Carina 42""Hx23 3/4""W Media Storage Unit",1XKPME,14.99,pc
"Tensor ""Hersey Kiss"" Styled Floor Lamp",O9IOQQ,9.19,pc
Telescoping Adjustable Floor Lamp,52S3RC,25.99,pc
"Tenex 46"" x 60"" Computer Anti-Static Chairmat",4DMOZB,7.19,pc
Tenex Contemporary Contur Chairmats,6T4WR6,3.99,pc
SAFCO Folding Chair Trolley,HZU9FP,7.19,pc
Holmes Harmony HEPA Air Purifier,46RSQ6,5.59,pc
Honeywell Quietcare HEPA Air Cleaner,B7SJUL,14.99,pc
Eldon Advantage,MJ99O5,6.79,pc
Eldon Cleatmat Plus™ Chair Mats,5VVZMC,16.99,pc
Holmes Odor Grabber,8CT94G,5.19,pc
Deflect-o EconoMat Studded,CO2VFX,14.99,pc
Deflect-o Glass Clear Studded Chair Mats,C2YR3U,5.99,pc
Holmes HEPA Air Purifier,UA3Q4N,14.99,pc
3M Office Air Cleaner,Y2DX2E,6.39,pc
Bell Sonecor JB700 Caller ID,QS1FVO,12.99,pc
Deflect-o EconoMat Nonstudded,B727HW,4.79,pc
Sharp EL500L Fraction Calculator,X2DET9,15.99,pc
Eldon Portable Mobile Manager,W4QZBD,11.99,pc
Eldon Simplefile,44F6BB,9.19,pc
Canon MP41DH Printing Calculator,CM2USV,19.99,pc
Canon P1-DHIII Palm Printing Calculator,75K2WQ,7.59,pc
TI 30X Scientific Calculator,X3B4YZ,21.99,pc
High Speed Automatic Electric Letter Opener,1L1VT6,16.99,pc
Eldon Portable Mobile Manager,QTO7AL,5.99,pc
Canon P1-DHIII Palm Printing Calculator,VSF5XC,17.99,pc
Bell Sonecor JB700 Caller ID,JCZ9MX,11.19,pc
Canon MP41DH Printing Calculator,1DPZVR,5.59,pc
VTech VT20-2481 2.4GHz Two-Line Phone System,6YRP75,7.99,pc
Bionaire Personal Warm Mist Humidifier/Vaporizer,8G38EL,7.99,pc
Canon MP41DH Printing Calculator,W07P9Q,16.99,pc
Eldon Cleatmat,H45EKQ,5.99,pc
Deflect-o RollaMat Studded,99SHJR,24.99,pc
DAX Solid Wood Frames,20AYAP,16.99,pc
Honeywell Quietcare HEPA Air Cleaner,469NHD,9.19,pc
SouthWestern Bell FA970 Digital Answering Machine,Y7VZXL,5.99,pc
Rubbermaid ClusterMat Chairmats,8I4TR7,5.99,pc
Eldon ClusterMat Chair Mat,OX8X5B,5.19,pc
TI 36X Solar Scientific Calculator,53NFQN,11.99,pc
Deflect-o EconoMat Nonstudded,R78CMY,19.99,pc
Deflect-o EconoMat Studded,3U7GFT,11.99,pc
Sharp EL501VB Scientific Calculator,8QMI8W,14.99,pc
Rubbermaid ClusterMat Chairmats,079Z7V,5.59,pc
"Tenex 46"" x 60"" Computer Anti-Static Chairmat",INK4NK,12.99,pc
Sharp EL500L Fraction Calculator,H09NDM,6.79,pc
Panasonic All Digital Answering System,6JIEK0,6.39,pc
1726 Digital Answering Machine,LU1D3B,16.99,pc
1726 Digital Answering Machine,3H0AKK,16.99,pc
TI 36X Solar Scientific Calculator,90BTQO,14.99,pc
Canon MP41DH Printing Calculator,64G7HG,5.19,pc
TI 36X Solar Scientific Calculator,G5G5O4,13.99,pc
Sharp EL500L Fraction Calculator,BW9ART,5.59,pc
Canon MP41DH Printing Calculator,9RJW3G,21.99,pc
DAX Solid Wood Frames,4DCIZI,55.0,pc
Polycom VoiceStation 100,43BSBS,29.0,pc
Sharp EL500L Fraction Calculator,MA9VF4,23.0,pc
Holmes Replacement Filter,7U4K9U,19.0,pc
Canon P1-DHIII Palm Printing Calculator,Q8A9TK,19.0,pc
Holmes Odor Grabber,I3PF9L,39.0,pc
TI 36X Solar Scientific Calculator,4RALVG,19.0,pc
1726 Digital Answering Machine,S7A89E,19.0,pc
Holmes Odor Grabber,H36JMQ,34.0,pc
Avery 52,UP0DEZ,29.0,pc
Xerox 1881,9Z7NR5,56.0,pc
Xerox 213,57LD7Q,27.0,pc
Crate-A-Files™,7FE1CR,35.0,pc
Xerox 1936,4YERSC,59.0,pc
Staples,1WGC5W,47.0,pc
Xerox 1904,H34KRU,18.0,pc
Xerox 1887,S233MM,32.0,pc
Microsoft Natural Multimedia Keyboard,3LO1G1,18.0,pc
Xerox 188,QL5EQV,24.0,pc
T39m,3V3TGD,29.0,pc
Recycled Eldon Regeneration Jumbo File,S7JK9R,26.0,pc
"#10- 4 1/8"" x 9 1/2"" Security-Tint Envelopes",12Q20X,29.0,pc
12-1/2 Diameter Round Wall Clock,37C0KQ,59.0,pc
Recycled Interoffice Envelopes,69V42P,39.0,pc
Home/Office Personal File Carts,ZK3REO,29.0,pc
Acco Perma,H9BIMV,29.0,pc
Tenex File Box,Y6MOGE,19.0,pc
HP Office Paper,3FPBH1,55.0,pc
Portable Personal File Box,Z6CYJO,24.0,pc
PC Concepts 116 Key Quantum 3000 Keyboard,4LBZH7,47.0,pc
Xerox 1882,6BI2X2,39.0,pc
Accessory12,5EK6CG,29.0,pc
Avery Trapezoid Ring Binder,MLAN6L,34.0,pc
Linden,5ZH2DE,29.0,pc
Avery 492,0YCDRD,36.0,pc
AT,W7XRLW,17.0,pc
"Wilson Jones 1"" Hanging DublLock",P566HS,59.0,pc
Avery 493,2T4C7K,11.4,pc
Fellowes Bankers Box™ Staxonsteel,U5PSTL,29.0,pc
Xerox 1885,69ZC3A,19.0,pc
i1000,318TWI,29.0,pc
Xerox 1985,Q6HQYZ,24.0,pc
Xerox 1920,MXA5HB,36.0,pc
Belkin ErgoBoard™ Keyboard,653FXR,19.0,pc
8860,3FF84A,24.0,pc
252,5YOZ1D,36.0,pc
GBC DocuBind 200 Manual Binding Machine,86P72Z,39.9,pc
12-1/2 Diameter Round Wall Clock,6EXYD0,39.9,pc
Xerox 220,C356KC,57.0,pc
GBC DocuBind 200 Manual Binding Machine,00OF5Q,40.5,pc
270c,MQ5DPE,44.1,pc
T28 WORLD,V1SG40,9.95,pc
CF 888,88WBK0,8.99,pc
Belkin 8 Outlet Surge Protector,7LJSDB,5.99,pc
2160i,1ISRKP,13.99,pc
Project Tote Personal File,Z4TW61,7.99,pc
Gould Plastics 9-Pocket Panel Bin,2S9O1K,10.49,pc
Colored Envelopes,0Q9FQP,13.99,pc
Southworth 25% Cotton Antique Laid Paper,7CNCLH,7.99,pc
5165,2DD9GY,9.99,pc
Eldon Expressions Punched Metal,WVXS4T,7.99,pc
Fellowes Super Stor/Drawer,887I0Z,12.59,pc
Micro Innovations Micro 3000 Keyboard,7SHP8O,12.59,pc
DAX Clear Channel Poster Frame,0QR0TY,12.59,pc
HP Office Recycled Paper,56IVXO,7.49,pc
GBC DocuBind 200 Manual Binding Machine,6GZ6KX,7.99,pc
Microsoft Internet Keyboard,OD9Z7J,17.49,pc
Adesso Programmable 142-Key Keyboard,UD7SLY,9.09,pc
Belkin F9M820V08 8 Outlet Surge,SDN8XP,13.99,pc
GBC VeloBinder Strips,05ZFQB,12.59,pc
MicroTAC 650,N2HHVM,16.09,pc
StarTAC 7760,O1T3BM,9.79,pc
Xerox 210,4F6WCN,12.49,pc
StarTAC 7760,KD52FF,12.49,pc
Project Tote Personal File,JPN7O5,10.49,pc
270c,4D5CUN,8.99,pc
i500plus,2WA09E,12.49,pc
Belkin MediaBoard 104- Keyboard,T65WOJ,12.59,pc
Xerox 1947,H03AJ0,8.99,pc
Xerox 1920,CC158B,11.19,pc
Hayes Optima 56K V.90 Internal Voice Modem,OMD3HA,17.49,pc
Belkin F9M820V08 8 Outlet Surge,AZ5OR4,12.59,pc
Xerox 1893,6DJCID,11.49,pc
Staples Plastic Wall Frames,U7QSJS,23.09,pc
Ames Color-File,Q2NLXB,14.99,pc
Nu-Form 106-Key Ergonomic Keyboard,M43PZB,10.49,pc
Eldon,2JRPZ0,18.89,pc
g520,O0BKYC,12.59,pc
"Seth Thomas 12"" Clock",0FFIPH,7.99,pc
Fellowes Stor/Drawer,2KVQ3Z,13.99,pc
Xerox 1894,O8T1OX,19.99,pc
Xerox 1896,6LVUKZ,9.99,pc
2180,888MZ9,12.59,pc
Avery Hole Rein,F5VS4I,16.09,pc
Belkin 105-Key Black Keyboard,WTW1MD,12.59,pc
Avery Non-Stick Binders,A26R7N,12.59,pc
5125,6SAICO,18.89,pc
Fellowes Mobile Numeric Keypad,2H1M3S,13.99,pc
Logitech Access Keyboard,SD596M,8.39,pc
T65,5AMGJP,8.99,pc
"Avery Trapezoid Extra Heavy Duty 4"" Binders",P38QNT,9.99,pc
V 3600 Series,EQSV6V,9.79,pc
US Robotics 56K V.92 External Faxmodem,5HZSJR,26.59,pc
Eaton Premium Continuous-Feed Paper,KUT1L1,11.19,pc
Xerox 1885,N5RFEC,16.49,pc
Deflect-o SuperTray™ Unbreakable Stackable Tray,3IZDPK,14.99,pc
Wilson Jones Impact Binders,6XSOFM,12.49,pc
CF 888,W2OAAX,16.09,pc
Belkin 8 Outlet Surge Protector,2RH9HE,23.09,pc
Surelock™ Post Binders,UKC2UJ,12.49,pc
Fellowes 17-key keypad,9B80QD,18.89,pc
Fellowes Staxonsteel,U882X0,12.59,pc
Avery 491,3T9W9O,5.99,pc
KF 788,YA7HVX,9.99,pc
GBC Pre-Punched Binding Paper,Y80KYX,11.19,pc
Fellowes Internet Keyboard,RV598B,9.79,pc
Fellowes Super Stor/Drawer,149BHC,14.99,pc
Hoover WindTunnel™ Plus Canister Vacuum,7KQL2M,13.99,pc
GBC Laser Imprintable Binding System Covers,R5Q5MR,8.99,pc
Belkin F5C206VTEL 6 Outlet Surge,TTE74T,18.89,pc
Computer Printout Paper,HN5PG1,23.09,pc
Xerox 199,3GJQMI,14.99,pc
Fellowes Twister Kit,C2MYUA,12.49,pc
Staples File Caddy,9GOGIH,12.59,pc
Avery Flip-Chart Easel Binder,6KGNVX,19.59,pc
GBC Instant Index™ System,M5RTW4,8.39,pc
Park Ridge™ Embossed Executive Business Envelopes,M90G8L,19.59,pc
Xerox 4200 Series MultiUse Premium Copy Paper,0L1MW5,13.99,pc
Filing/Storage Totes and Swivel Casters,M2PR87,18.89,pc
Portable Personal File Box,6LKT3K,11.19,pc
Cardinal Slant-D,15E3AY,20.99,pc
Tenex Personal Project File,4CDO6G,23.09,pc
Angle-D Binders,BSK17G,9.99,pc
Xerox 217,7E8JDX,12.59,pc
600 Series Flip,14VEB4,30.09,pc
GBC Twin Loop™ Wire Binding Elements,W5NORK,5.99,pc
Fellowes Basic 104-Key Keyboard,10ON1Q,16.09,pc
Xerox 1924,T6O9CS,16.09,pc
Recycled Steel Personal File,WZ85C1,12.59,pc
GBC Standard Plastic Binding Systems Combs,IR8DO3,16.09,pc
Micro Innovations 104 Keyboard,N1CMDL,17.49,pc
252,265PYF,18.89,pc
Binder Posts,RA0QBB,11.19,pc
Xerox 4200 Series MultiUse Premium Copy Paper,0CTB01,23.09,pc
"Howard Miller 16"" Diameter Gallery Wall Clock",35SOY6,12.59,pc
2160i,0E94EG,20.99,pc
Dual Level,ZCXR9F,15.99,pc
Xerox 194,7OP3NW,16.09,pc
Eldon,4XA3FL,24.99,pc
Avery 485,5YQ0KX,10.49,pc
AT,N6V188,30.09,pc
GBC Binding covers,8J6JST,19.59,pc
GBC Binding covers,PO2DDG,18.89,pc
GBC Standard Therm-A-Bind Covers,36C33Q,16.09,pc
Xerox 1928,4S9S9K,14.99,pc
Xerox 1939,3TKEZC,27.99,pc
StarTAC 7760,3Y5HM4,12.59,pc
Xerox 1978,57ITWC,13.99,pc
Wausau Papers Astrobrights,EMZD0B,11.49,pc
Self-Adhesive Ring Binder Labels,SE5QY0,23.09,pc
9-3/4 Diameter Round Wall Clock,8AZPCT,15.99,pc
Xerox 1941,A7OLN1,26.99,pc
Durable Pressboard Binders,5W54DY,16.09,pc
ACCOHIDE,1RFVEB,34.99,pc
Logitech Cordless Navigator Duo,53MF9R,12.49,pc
Hanging Personal Folder File,31171I,12.59,pc
3285,7ST92O,33.59,pc
Fellowes Bankers Box™ Staxonsteel,DN77GR,20.99,pc
Kensington 7 Outlet MasterPiece,5R5JCK,11.49,pc
"Seth Thomas 13 1/2"" Wall Clock",Y7HPSX,26.59,pc
3M Organizer Strips,L9SXQC,20.99,pc
Economy Binders,0ONV3I,13.99,pc
X-Rack™ File,48QJ0W,29.99,pc
Avery Durable Binders,08KMNU,23.09,pc
Xerox 1885,NN04NT,16.09,pc
Avery 487,61WKGG,16.49,pc
Acco Pressboard Covers,0EVFG9,13.99,pc
Hand-Finished Solid Wood Document Frame,A6SLL7,29.99,pc
Staples Brown Kraft Recycled Clasp Envelopes,U5JN7L,35.99,pc
#10 White Business Envelopes,9WSS7R,12.49,pc
Microsoft Natural Keyboard Elite,N20VQL,27.99,pc
6162i,2A3GZY,19.59,pc
Eldon Image Series Black Desk Accessories,F2GX0V,20.99,pc
Avery 498,24NJJX,18.89,pc
Staples 6 Outlet Surge,D39ZKF,16.09,pc
Xerox 1903,LZE1HV,14.99,pc
Staples Copy Paper,9TBZTM,19.59,pc
Eureka Disposable Bags,7V1M9J,17.49,pc
Recycled Premium Regency Composition Covers,9VJLFW,16.09,pc
12-1/2 Diameter Round Wall Clock,ITLU8U,18.89,pc
StarTAC 6500,V9PXI6,25.19,pc
Tuff Stuff™ Recycled Round Ring Binders,7770Y1,12.59,pc
Xerox 1994,Q2M1MM,25.19,pc
3M Organizer Strips,ABNG2A,16.09,pc
Xerox 1993,44DNBC,11.99,pc
GBC DocuBind P100 Manual Binding Machine,05210F,12.49,pc
GBC VeloBinder Strips,64PBAA,25.19,pc
Xerox Blank Computer Paper,70BNR8,17.49,pc
Xerox 1893,2G2UN1,18.89,pc
Belkin 6 Outlet Metallic Surge Strip,HOCC2Q,25.19,pc
Xerox 1920,W2JVYS,18.89,pc
Wilson Jones “Snap” Scratch Pad Binder Tool,16HHRK,13.99,pc
Avery 510,194L8S,20.99,pc
Xerox 193,0MBXTJ,23.09,pc
Xerox 1892,748XSV,18.89,pc
Xerox 1910,2WBPC1,35.99,pc
Avery Trapezoid Ring Binder,CR0GGE,35.99,pc
Avery 506,P53E5L,37.99,pc
GBC DocuBind 200 Manual Binding Machine,SI2AW4,26.99,pc
Jet-Pak Recycled Peel 'N' Seal Padded Mailers,V25YG7,22.99,pc
Avery 478,56NIBQ,26.99,pc
Avery 506,13ZZNX,49.99,pc
Cardinal Poly Pocket Divider Pockets,84R8Y1,42.99,pc
Accessory35,83WUU3,26.99,pc
Xerox 214,06PP6H,45.99,pc
Xerox 212,7UEWMT,65.99,pc
Binding Machine Supplies,43QENI,49.99,pc
8290,2MDAY5,49.99,pc
GBC Linen Binding Covers,292RYG,19.99,pc
Micro Innovations Micro 3000 Keyboard,I5FEYG,39.99,pc
8890,R3E41B,29.99,pc
Micro Innovations Media Access Pro Keyboard,ZF8UKD,45.99,pc
Avery 507,2K6XPP,35.99,pc
Blue String-Tie,HS0N4U,19.99,pc
Avery Printable Repositionable Plastic Tabs,AEO7AH,59.99,pc
6120,Q3V3S6,55.99,pc
GBC Standard Plastic Binding Systems Combs,R8TVJR,49.99,pc
Staples Plastic Wall Frames,OOFM9D,45.99,pc
XtraLife,4IOKQO,26.99,pc
R380,6SGHLF,29.99,pc
Angle-D Binders,0XLFSE,55.99,pc
SAFCO Mobile Desk Side File,37VOT2,55.99,pc
g520,4D753O,49.99,pc
LX 788,92UQ4Z,45.99,pc
GBC Pre-Punched Binding Paper,1O6JK8,35.99,pc
Self-Adhesive Address Labels,9WPCHH,49.99,pc
Avery Binder Labels,W7DGQU,37.99,pc
IBM Multi-Purpose Copy Paper,58H9MW,39.99,pc
6160,P7WLLZ,79.99,pc
Avery 49,LF1Q20,65.99,pc
Eldon Expressions™ Desk Accessory,2T6VLL,65.99,pc
Avery Arch Ring Binders,G80JWN,39.99,pc
APC 7 Outlet Network SurgeArrest Surge Protector,XU87HC,99.99,pc
Xerox 1966,K2AUD0,45.99,pc
12-1/2 Diameter Round Wall Clock,2IZ3NH,59.99,pc
#10 White Business Envelopes,ODBK6X,24.99,pc
Acco Smartsocket™ Table Surge Protector,17YEH3,55.99,pc
Avery 506,20EIFO,39.99,pc
GBC Pre-Punched Binding Paper,B48P5V,69.99,pc
Linden,55YKZF,79.99,pc
Satellite Sectional Post Binders,309DTE,55.99,pc
Hanging Personal Folder File,L2Q6OO,32.99,pc
Fellowes Black Plastic Comb Bindings,9AMWZ0,42.99,pc
Eldon,90R88G,69.99,pc
Xerox 224,3A2RZK,45.99,pc
Multi-Use Personal File Cart and Caster Set,860VUU,55.99,pc
Xerox 20,T679VC,12.99,pc
Surelock™ Post Binders,O8XR5N,65.99,pc
Xerox 1971,DLQ2A5,55.99,pc
Durable Pressboard Binders,V2RTOL,35.99,pc
Fellowes 17-key keypad,69KKXD,49.99,pc
StarTAC ST7762,7IQG9A,37.99,pc
Staples 6 Outlet Surge,W704EX,39.99,pc
GBC Binding covers,DT90DA,59.99,pc
Eldon Expressions™ Desk Accessory,RU0XQ4,55.99,pc
Xerox 1930,Z9DXC3,45.99,pc
Avery 474,6EZQ1D,59.99,pc
CF 888,89HCXO,99.99,pc
Fellowes Basic 104-Key Keyboard,SQ4WPE,69.99,pc
Xerox 1892,1VOXAI,65.99,pc
Avery 507,49VUEH,69.99,pc
i470,W52CV5,49.99,pc
3M Organizer Strips,3TTTL0,42.99,pc
300 Series Non-Flip,649WLR,89.99,pc
GBC DocuBind TL200 Manual Binding Machine,G2FMY6,49.99,pc
Xerox 1940,98EHRM,39.99,pc
Xerox 1897,GIH12F,89.99,pc
Heavy-Duty E-Z-D,07G0UP,79.99,pc
Hammermill CopyPlus Copy Paper,T3HQ3D,9.99,pc
Deluxe Rollaway Locking File,4Q6G73,17.99,pc
6160,LT8R7A,39.99,pc
"Avery Trapezoid Extra Heavy Duty 4"" Binders",3OL1ME,42.99,pc
Self-Adhesive Address Labels,LG1GMO,99.99,pc
Fellowes Internet Keyboard,8NDBQT,45.99,pc
Deluxe Rollaway Locking File,352WLR,59.99,pc
Lock-Up Easel 'Spel-Binder',8GXEWP,59.99,pc
Fellowes Black Plastic Comb Bindings,JLQ3UA,45.99,pc
Kensington 7 Outlet MasterPiece Power Center,38ZXP9,55.99,pc
8860,CP6CH8,29.99,pc
Pizazz,27WEPS,55.99,pc
Acco Perma,5VT9OV,41.3,pc
Avery 494,77C0BX,34.65,pc
Self-Adhesive Address Labels,V63LJX,3.99,pc
Cardinal Poly Pocket Divider Pockets,475HYU,2.99,pc
R280,6JPXI9,12.0,pc
U.S. Robotics 56K Internet Call Modem,U5Z7NI,3.99,pc
Portable Personal File Box,9EH0NF,3.99,pc
Poly Designer Cover,9RGGBO,2.99,pc
3390,6I5E8N,3.99,pc
Avery Flip-Chart Easel Binder,90HOHD,16.5,pc
Fellowes 17-key keypad,T0OKBQ,16.5,pc
Ibico Covers,K5O5GM,18.75,pc
Fellowes Command Center 5-outlet power strip,RS190R,3.99,pc
GBC Prepunched Paper,K9NOSK,12.0,pc
Microsoft Internet Keyboard,RA9OO9,3.99,pc
Recycled Interoffice Envelopes,X85O5G,3.99,pc
DXL™ Angle-View Binders,53R55M,2.99,pc
8260,I5PT4K,3.99,pc
Newell,0BI9YJ,3.99,pc
Laser,E4GKMN,17.25,pc
Avery 51,FHNX8Q,2.99,pc
Avery Poly Binder Pockets,8S36SP,9.6,pc
Eldon Wave Desk Accessories,07VYNG,4.8,pc
Dot Matrix Printer Tape Reel Labels,7RPD1Y,2.99,pc
Premium Transparent Presentation Covers by GBC,J6QEK5,4.8,pc
Brown Kraft Recycled Envelopes,1Y7CD6,2.99,pc
A1228,W08UY0,14.99,pc
8290,CB0CEC,7.5,pc
Avery 491,9TQXTG,4.8,pc
T18,1RT2KE,3.99,pc
Fellowes Smart Design 104-Key Enhanced Keyboard,F4ONYQ,5.99,pc
Peel,HO23BE,9.99,pc
Eureka The Boss,M1EDG6,12.99,pc
Eldon,47P58I,9.99,pc
Xerox 1905,F98EWL,9.99,pc
Eldon Image Series Black Desk Accessories,NEW88Y,17.99,pc
Kensington 7 Outlet MasterPiece Power Center,20VGAW,7.99,pc
Fellowes Twister Kit,RHJ1AJ,11.99,pc
Logitech Access Keyboard,CSE2N4,12.99,pc
Conquest™ 14 Commercial Heavy-Duty Upright Vacuum,3COCUS,9.99,pc
GBC DocuBind P100 Manual Binding Machine,17BLQL,12.99,pc
Avery 497,EDW7EU,9.99,pc
Manila Recycled Extra-Heavyweight Clasp Envelopes,91I418,9.99,pc
Keytronic Designer 104- Key Black Keyboard,6X58MT,8.99,pc
Ibico Covers,Z22A6C,12.99,pc
LX 677,QBF8PB,259.95,pc
Acco Suede Grain Vinyl Round Ring Binder,XVTP9X,9.9,pc
Eldon Image Series Black Desk Accessories,PMP89B,12.0,pc
Xerox 213,1T06OC,7.5,pc
Staples #10 Laser,21VJH6,10.39,pc
Zoom V.92 USB External Faxmodem,G4JL9D,14.99,pc
Wilson Jones Ledger-Size,9VQC9A,9.59,pc
Eldon Expressions Punched Metal,G58YEA,9.59,pc
V 3600 Series,44ZY9J,15.99,pc
Lock-Up Easel 'Spel-Binder',9J8ECK,13.79,pc
U.S. Robotics 56K Internet Call Modem,20LFTE,11.99,pc
Xerox 1920,ZPY1BG,10.39,pc
Deflect-o SuperTray™ Unbreakable Stackable Tray,1PYTOA,13.79,pc
Eldon,8GPZQ1,9.59,pc
688,1SLVQR,13.79,pc
Ibico EB-19 Dual Function Manual Binding System,1ZAMRU,23.99,pc
IBM Multi-Purpose Copy Paper,F8QXUV,10.39,pc
Timeport L7089,0CGXVC,11.99,pc
Fellowes Smart Surge Ten-Outlet Protector,Y66DBZ,10.19,pc
Pressboard Covers,TYJR0Z,7.79,pc
KF 788,7TDQB5,13.59,pc
2180,8EVY76,10.19,pc
*Staples* Packaging Labels,S44O4Y,27.99,pc
Avery Legal 4-Ring Binder,AEI2X7,14.99,pc
Colored Envelopes,O9T85F,10.19,pc
Xerox 1953,31WUM2,16.79,pc
Staples Standard Envelopes,554IVY,10.19,pc
GBC Standard Plastic Binding Systems Combs,PI6PSZ,2.49,pc
DAX Clear Channel Poster Frame,3WRTJE,8.99,pc
GBC Imprintable Covers,S99L7O,27.99,pc
GBC Laser Imprintable Binding System Covers,4P229Y,18.39,pc
Southworth 25% Cotton Antique Laid Paper,686V06,13.79,pc
Xerox 1936,W1I4JC,18.39,pc
Array,E66YBI,14.99,pc
Avery Durable Poly Binders,76PF4T,27.99,pc
HP Office Paper,D4OWQI,14.99,pc
24 Capacity Maxi Data Binder Racks,3X7V9C,14.99,pc
PC Concepts 116 Key Quantum 3000 Keyboard,5MR94S,27.99,pc
Xerox 1898,5186FG,14.99,pc
Holmes Replacement Filter,PN4PFR,23.99,pc
Fellowes Super Stor/Drawer,M18TWC,10.19,pc
Fellowes Strictly Business,GMJ6IK,8.99,pc
Eureka Sanitaire,D2K8IL,9.59,pc
Cardinal Holdit Business Card Pockets,EW00HW,18.39,pc
T193,404RKU,11.59,pc
T39m,8POK8Z,18.39,pc
Hammermill Color Copier Paper,UV2Z5L,9.59,pc
GBC Prepunched Paper,I34A86,14.99,pc
Belkin ErgoBoard™ Keyboard,1V2RTK,30.39,pc
Xerox 1994,91GNFV,19.99,pc
CF 688,9P39R3,12.79,pc
Acco Perma,7HXNA6,8.99,pc
Avery 479,21E6YS,14.99,pc
2160i,TB4HSX,22.79,pc
A1228,83GFQF,14.99,pc
Hammermill CopyPlus Copy Paper,PFB7AX,14.99,pc
Wilson Jones,YZI0RP,10.19,pc
Dual Level,4VX7XP,15.99,pc
Xerox 1983,1TVAWI,10.19,pc
Pressboard Covers,0URO6Z,13.79,pc
6190,X6A8K7,18.39,pc
Wilson Jones DublLock,PU4DXL,22.79,pc
Wilson Jones Hanging View Binder,171Y7X,10.19,pc
Fellowes Basic 104-Key Keyboard,ZZQ5JF,15.99,pc
Ibico Recycled Linen-Style Covers,92VLDY,27.99,pc
Self-Adhesive Ring Binder Labels,H2NTXK,10.19,pc
Tenex File Box,USA0II,10.39,pc
DAX Clear Channel Poster Frame,18K2NU,10.39,pc
Belkin MediaBoard 104- Keyboard,62FSCZ,30.39,pc
Tyvek Interoffice Envelopes,3RO8U5,9.59,pc
Xerox 1971,UE54O0,7.99,pc
StarTAC 7760,6SFPSN,9.59,pc
Premier Elliptical Ring Binder,E0IVDH,14.99,pc
Wilson Jones DublLock,3ODKPJ,11.99,pc
Micro Innovations 104 Keyboard,Y7NDMQ,27.99,pc
Eureka Disposable Bags,9Q2M2T,13.79,pc
GBC Standard Plastic Binding Systems Combs,96A73T,11.39,pc
Avery 520,5Y2AO5,14.99,pc
Xerox 226,4BK0EL,8.39,pc
Durable Pressboard Binders,UR03VJ,9.99,pc
Avery 52,7A9OV0,14.99,pc
Avery 492,J6K4Z2,14.99,pc
Binder Posts,6UV69L,15.19,pc
#10 Self-Seal White Envelopes,L8HWKN,18.39,pc
Acco Perma,63DALP,10.19,pc
Tyvek,B1RGDK,10.39,pc
Keytronic 105-Key Spanish Keyboard,DN2IZW,13.79,pc
Motorola SB4200 Cable Modem,Y661QQ,8.99,pc
Wilson Jones DublLock,39XIVS,12.79,pc
Xerox 1978,A33JUV,10.79,pc
Self-Adhesive Address Labels,484LVG,15.99,pc
Xerox 1891,FKY6Y0,15.99,pc
Fellowes Recycled Storage Drawers,399BSM,8.99,pc
Avery 487,3M2K8X,5.99,pc
Eureka Hand Vacuum,0MS2GU,6.59,pc
Airmail Envelopes,3S6QCN,10.79,pc
Pressboard Covers,1HS6RC,10.19,pc
Accessory27,19CSDH,14.99,pc
Xerox 1962,8UPKG4,10.19,pc
Xerox 199,81GY49,10.19,pc
T28 WORLD,GLXW8C,14.99,pc
Staples,UP2UJ4,9.99,pc
Avery 494,J6JC3U,9.59,pc
Fellowes Basic 104-Key Keyboard,6E6SEL,12.79,pc
Zoom V.92 USB External Faxmodem,3SX0Y1,27.99,pc
Xerox 227,5YK8M7,14.99,pc
Personal Creations™ Ink Jet Cards and Labels,ZP52CM,11.99,pc
Xerox 1923,V1IE0I,10.79,pc
I888 World Phone,6RVHHD,9.59,pc
Xerox 1997,5J2TNL,18.39,pc
Avery Printable Repositionable Plastic Tabs,0QUQJO,10.79,pc
GBC DocuBind TL300 Electric Binding System,LG813A,5.99,pc
Storex DuraTech Recycled Plastic Frosted Binders,BAU7PL,9.59,pc
GBC DocuBind 200 Manual Binding Machine,UK7JN4,27.99,pc
Wilson Jones Hanging View Binder,9DKIJE,13.79,pc
Xerox 1947,5BSP2J,11.99,pc
Xerox 1950,787YTN,8.99,pc
GBC ProClick™ 150 Presentation Binding System,V478DG,5.99,pc
Letter Size Cart,62AKHY,9.99,pc
Avery 492,PC0H0N,7.79,pc
Career Cubicle Clock,5SQ48U,7.99,pc
V8162,5IS3WB,14.99,pc
Hoover WindTunnel™ Plus Canister Vacuum,OKF29D,14.99,pc
688,4YQ7IQ,34.99,pc
6340,6XOOKT,9.59,pc
DAX Clear Channel Poster Frame,C05JZJ,14.39,pc
Eldon,CIH7ES,16.99,pc
Presstex Flexible Ring Binders,9WE6AX,10.19,pc
Acco Suede Grain Vinyl Round Ring Binder,9X70NG,16.99,pc
Xerox 220,8G3VQ5,14.39,pc
5190,4MFPUS,14.99,pc
Acco 6 Outlet Guardian Premium Surge Suppressor,IF50F0,10.79,pc
Avery 481,95HE6C,15.99,pc
Filing/Storage Totes and Swivel Casters,V7TP7A,27.99,pc
Staples,Z93L6G,14.99,pc
Micro Innovations 104 Keyboard,649IE1,30.39,pc
Southworth 25% Cotton Linen-Finish Paper,Z08Q92,14.99,pc
Xerox 1979,1XT1KC,4.49,pc
Accessory12,2NH6UC,3.99,pc
Career Cubicle Clock,E81T44,13.59,pc
Xerox 196,4751FW,17.99,pc
Conquest™ 14 Commercial Heavy-Duty Upright Vacuum,C2NUI3,14.99,pc
Vinyl Sectional Post Binders,69VMBE,15.99,pc
Round Ring Binders,FS3G3D,14.99,pc
9-3/4 Diameter Round Wall Clock,WN18BG,11.99,pc
Economy Binders,AXY6KO,16.19,pc
Xerox 1989,DA03HJ,11.99,pc
Avery 496,N72L1J,10.19,pc
Eldon Expressions™ Desk Accessory,7O3CPK,4.49,pc
Round Ring Binders,A9UXGA,10.19,pc
Lock-Up Easel 'Spel-Binder',I2WKJQ,23.99,pc
Avery 514,8MXKCH,8.99,pc
V8160,BA8SKL,13.79,pc
Hand-Finished Solid Wood Document Frame,Y6VG59,11.99,pc
Avery Printable Repositionable Plastic Tabs,BWY2ZZ,7.79,pc
"Seth Thomas 12"" Clock",LY4Q8Z,13.99,pc
Xerox 1939,TLU28G,35.99,pc
Xerox 4200 Series MultiUse Premium Copy Paper,38C3RP,15.99,pc
Xerox 1894,S4P6PH,11.99,pc
Xerox 1979,99Y0G2,26.39,pc
T28 WORLD,60J4VB,9.59,pc
Xerox 1907,7DI82A,30.39,pc
ACCOHIDE,X3Y7Z1,6.59,pc
U.S. Robotics 56K Internet Call Modem,O43KNL,6.59,pc
Eldon,0RGY4P,14.39,pc
Pressboard Covers,F6RU0G,8.99,pc
Staples File Caddy,32X104,8.99,pc
Xerox 194,0O5LQI,14.99,pc
Avery 474,E4TVS0,15.99,pc
"Eureka Recycled Copy Paper 8 1/2"" x 11""",MPCB9K,11.39,pc
#10 Self-Seal White Envelopes,1H8O9T,10.19,pc
Xerox 1927,Z4VRGE,8.99,pc
StarTAC Series,7UZAMG,14.99,pc
StarTAC 8000,46L21K,11.39,pc
Eldon,4ML7N3,27.99,pc
"Wilson Jones 1"" Hanging DublLock",L3VMO8,11.99,pc
2160i,79UBGU,14.99,pc
Hoover Replacement Belts For Soft Guard™,94KEHU,9.59,pc
Logitech Cordless Navigator Duo,1DKERB,3.99,pc
SimpliFile™ Personal File,7OFC6Q,7.99,pc
Array,EAMC3O,7.79,pc
Xerox Blank Computer Paper,SPG3EQ,11.99,pc
Eldon Expressions Punched Metal,UNLY7U,13.79,pc
Poly Designer Cover,911ZIZ,31.99,pc
Xerox 1906,03ZK8C,37.99,pc
3285,02Y7M3,14.39,pc
Model L Table or Wall-Mount Pencil Sharpener,K3SAKH,14.99,pc
Staples Colored Bar Computer Paper,9EQN1R,14.99,pc
Multimedia Mailers,3BT4LJ,14.99,pc
Binder Posts,M8OJIO,10.79,pc
i470,D81H3X,5.99,pc
IBM Multi-Purpose Copy Paper,E4WPGU,14.99,pc
Xerox 1923,6H4I43,14.99,pc
Wausau Papers Astrobrights,856LSK,5.99,pc
StarTAC Analog,4S8LU3,10.19,pc
Avery Durable Binders,8DB5N6,24.99,pc
Hoover Replacement Belts For Soft Guard™,SMPF5P,9.59,pc
T28 WORLD,Y77YK8,31.99,pc
Avery Poly Binder Pockets,6Z4MSK,10.79,pc
"Howard Miller 16"" Diameter Gallery Wall Clock",4HCG2C,13.19,pc
Wilson Jones,Y4L0AN,18.99,pc
Xerox 224,ZN4CCR,10.19,pc
T28 WORLD,98DJCJ,11.39,pc
Fellowes Basic 104-Key Keyboard,G69RZO,30.39,pc
Logitech Internet Navigator Keyboard,5VDR4L,14.99,pc
Staples Standard Envelopes,4Z99IF,4.99,pc
Southworth 25% Cotton Linen-Finish Paper,16895D,16.79,pc
Eldon Wave Desk Accessories,BB7AVR,10.19,pc
Xerox 1940,49O34P,11.99,pc
Staples #10 Colored Envelopes,G71GSC,11.99,pc
"#10- 4 1/8"" x 9 1/2"" Recycled Envelopes",4FY8WL,11.99,pc
Peel,DW77TX,10.79,pc
"#10- 4 1/8"" x 9 1/2"" Recycled Envelopes",2CBQ6H,16.19,pc
Kensington 7 Outlet MasterPiece Power Center,63QEUM,10.19,pc
Acco Four Pocket Poly Ring Binder,6JRZKR,14.99,pc
Xerox 213,3Z1RIO,9.99,pc
"Seth Thomas 12"" Clock",4UH3C3,15.99,pc
Brown Kraft Recycled Envelopes,IT527J,14.99,pc
Acco Four Pocket Poly Ring Binder,6F7PVR,9.59,pc
Xerox 213,AA6CVK,10.19,pc
Recycled Premium Regency Composition Covers,VLXN7Z,12.79,pc
1/4 Fold Party Design Invitations,0Y7MO9,17.99,pc
Xerox 1893,I998EI,14.99,pc
Gyration Ultra Cordless Optical Suite,8T7R5R,13.79,pc
Targus USB Numeric Keypad,8XUFQ4,32.99,pc
Xerox 1893,1TOCD6,11.39,pc
GBC VeloBinder Strips,AVO0N2,11.39,pc
GBC Binding covers,4W53HC,7.99,pc
Kensington 7 Outlet MasterPiece Power Center,FQP7NJ,7.99,pc
Xerox 1994,D1GEC3,7.99,pc
Belkin 5 Outlet SurgeMaster™ Power Centers,A5E0G6,8.99,pc
M70,J569AO,9.99,pc
StarTAC 6500,3BZSEY,8.99,pc
Fellowes EZ Multi-Media Keyboard,V7GPNO,12.99,pc
Computer Printout Paper,25DMHT,17.99,pc
#10 White Business Envelopes,7P4C9F,12.99,pc
Crate-A-Files™,OK2YLN,17.99,pc
Eldon Expressions™ Desk Accessory,39W53E,12.99,pc
Xerox 1922,C08GQY,8.99,pc
Avery Printable Repositionable Plastic Tabs,V2O1MM,17.99,pc
Talkabout T8097,19Q4D9,12.99,pc
Fellowes PB300 Plastic Comb Binding Machine,9RPJGF,12.99,pc
Xerox 1934,7VX1AP,12.99,pc
Belkin 105-Key Black Keyboard,6U0UW8,9.99,pc
StarTAC ST7762,52Y1LW,4.99,pc
Xerox 4200 Series MultiUse Premium Copy Paper,115SHQ,6.49,pc
T18,2Q1U9F,2.99,pc
Avery 520,30APSX,4.99,pc
StarTAC 7760,C0UL83,6.49,pc
GBC Therma-A-Bind 250T Electric Binding System,HV9OD8,3.99,pc
Wilson Jones Ledger-Size,A8DQGN,6.49,pc
Hammermill CopyPlus Copy Paper,0AMIFO,1.99,pc
Belkin 105-Key Black Keyboard,0PZF65,2.49,pc
